<?xml version="1.0" encoding="UTF-8"?>
<lom xmlns="http://www.imsglobal.org/xsd/imsmd_rootv1p2p1" xmlns:xsi="http://www.w3.org/2001/XMLSchema-instance" xsi:schemaLocation="http://www.imsglobal.org/xsd/imsmd_rootv1p2p1 imsmd_rootv1p2p1.xsd"><relation><resource><identifier>107469331_4#lab.zip</identifier><catalogentry><catalog>a_9f50dadd36bd4d09b6e96f6e9f2f6a3b</catalog><entry><langstring>ANALISIS Y DESARROLLO DE SISTEMAS DE INFORMACIÓN</langstring></entry><extension><type>MediumString</type><label>NOMBRE DEL PROGRAMA DE FORMACION</label></extension></catalogentry><catalogentry><catalog>a_b6f4e30b54c64a63a54b767c152ef98d</catalog><entry><langstring>TICS</langstring></entry><extension><type>ShortString</type><label>LINEA TECNOLOGICA</label></extension></catalogentry><catalogentry><catalog>a_0f75611bb3d04b2696f7427fa23b4f82</catalog><entry><langstring>228106</langstring></entry><extension><type>ShortString</type><label>CODIGO DEL PROGRAMA</label></extension></catalogentry><catalogentry><catalog>a_68df9f1d60f64844894f887859a13cf7</catalog><entry><langstring>TICS</langstring></entry><extension><type>ShortString</type><label>NOMBRE DE LA RED</label></extension></catalogentry></resource></relation></lom>
